id,type,name,lat,lon
281052182,bus_station,,47.9045743,106.9242457
478559818,bank,,47.9004974,106.9086797
551373114,bank,Валют солих төв,47.9174565,106.9115467
682258997,bus_station,Вокзал,47.9090121,106.8850727
749439247,fuel,Жаст Ойл ШТС,47.9135627,106.8595481
749439839,fuel,Петровис ШТС,47.9058631,106.9113847
749439846,fuel,Петровис ШТС,47.9128796,106.8729293
750022405,fuel,Петровис ШТС,47.9250081,106.8968952
754491070,fuel,Тэс Петролиум ШТС,47.9091648,106.8962394
937575806,bus_station,Драгон төв,47.9111531,106.8221738
947443878,fuel,Жаст ойл ШТС,47.9095347,106.8770407
947443912,fuel,Петровис ШТС,47.8998846,106.8601732
947444010,fuel,Сод Монгол ШТС 2,47.9120063,106.9810315
950347050,fuel,Петровис ШТС,47.9136381,106.9768476
950347142,fuel,НИК ШТС,47.9156457,106.9765651
957240064,fuel,Сод Монгол,47.8284679,106.7824034
965846118,fuel,Жаст ойл,47.909543,106.8163215
965846138,fuel,,47.9098635,106.7987916
965846163,fuel,,47.9075992,106.7623244
965846173,fuel,Петровис ШТС,47.9093985,106.8096031
1030079629,fuel,Петровес ШТС,47.9182371,106.944453
1052793944,fuel,Шунхлай ШТС,47.9266851,106.941915
1055337461,fuel,МТ ШТС,47.909765,106.9071637
1239632932,bus_station,ТЗЦ III,47.899566,106.8674658
1239632938,bus_station,ТЗЦ III,47.8991733,106.8677587
1241686917,fuel,Сод Монгол ШТС,47.8971923,106.8871658
1241687080,fuel,Шунхлай,47.9023521,106.8564806
1241687210,bank,Худалдаа хөгжлийн банк,47.9197337,106.909275
1241687308,bank,Trans bank,47.9196633,106.9067071
1241687433,bank,,47.9196748,106.9097883
1250012173,fuel,Шунхлай ШТС,47.9086404,106.9038875
1250012256,bank,,47.9002981,106.9086027
1251352598,fuel,,47.9052455,107.0175968
1251352695,fuel,,47.8847092,107.0858939
1252507911,bank,TDB,47.914079,106.8906364
1254026908,fuel,Сод Монгол,47.9024336,106.8570094
1254026911,bus_station,,47.9046492,106.8557212
1254026925,fuel,,47.8977577,106.8707988
1254026964,fuel,,47.9048285,106.8550633
1254026977,bus_station,,47.9044493,106.8555065
1255473499,bank,Golomt Bank,47.9153564,106.9063222
1255473537,atm,,47.9154836,106.9063079
1259637921,bank,,47.8537311,106.7823387
1259637936,fuel,,47.9116105,106.8534195
1268520201,bus_station,,47.9281021,106.9389745
1268520232,fuel,,47.7864262,107.3017662
1268520236,fuel,Петровис ШТС,47.9127484,106.9838716
1268520239,fuel,Тэс ШТС,47.7904441,107.2183713
1268520266,fuel,ШТС,47.9125236,106.9928666
1268520267,fuel,Тэс ШТС,47.7907558,107.217409
1268520438,bus_station,,47.9264442,106.9269768
1268520440,fuel,,47.8229023,107.1713378
1268520486,bus_station,Микро автобус,47.9086565,106.9473932
1270395977,fuel,Петровис,47.8571404,106.7861863
1270396012,fuel,Сод Монгол ШТС,47.8559995,106.7804263
1273184917,fuel,Синчи Оил ШТС,47.8670667,106.8156152
1273184966,fuel,Шунхлай ШТС,47.8726894,106.8342026
1277286195,atm,,47.902643,106.9017143
1277286248,atm,,47.9026395,106.9016308
1338433723,bank,Төрийн банк,47.8996257,106.9188207
1396114075,bank,Капитрон банк,47.916504,106.9073663
1396114282,atm,,47.9209709,106.9058715
1477527672,fuel,MT ШТС,47.9227996,106.814606
1678494931,marketplace,Баянгол Зах,47.9216711,106.8750625
1678494966,marketplace,Shashlik House,47.9222319,106.8759932
1678494970,marketplace,Баянгол Их Дэлгүүр,47.9222876,106.8749874
1678590660,bank,Улаанбаатар хотын банк,47.9217343,106.9115539
1679376231,marketplace,Computer Land,47.9165918,106.8995773
1679614339,bank,ATM Golomt bank,47.9142488,106.8951207
1701121339,fuel,Шунхлай ШТС,47.9034198,106.8816111
1706888044,bus_station,,47.8970079,106.8838204
1707321509,atm,,47.9222474,106.9339932
1707322145,bank,Хаан Банк,47.9186876,106.9265488
1707403618,atm,ХХБ,47.8954334,106.9081292
1707947079,bank,Голомт банк Төв салбар,47.9199481,106.9129004
1707947084,bank,Голомт,47.919538,106.9112357
1707947279,bank,Монголбанк,47.9191047,106.9117786
1712421292,fuel,Петровис ШТС,47.9282093,106.9368482
1731587790,fuel,Петрожамп ШТС,47.9093667,106.9150578
1772497595,bus_station,,47.8955351,106.8731517
1772497936,fuel,Бадрал ШТС,47.9090051,106.8782416
1774294495,fuel,,47.9184215,106.8561274
1783924734,bank,Bank Of Ulaanbaatar,47.8991166,106.8913837
1799423501,fuel,,47.7744184,107.3821319
1933313701,bus_station,,47.9272506,106.9173924
1942398971,bank,Улаанбаатар хотын банк,47.9200607,106.9153836
1985226627,bus_station,Барилгачин,47.9285659,106.9144619
1985226628,bus_station,Барилгачин,47.9280367,106.9144282
2010678576,bus_station,,47.8995585,106.9267689
2010678603,bus_station,,47.89978,106.9259396
2084085795,bank,ХААН банк,47.9605488,106.8388128
2084085797,bank,ХАС банк,47.9603656,106.8387967
2084086247,atm,,47.9603835,106.8382388
2084090761,fuel,Сод-Монгол,47.9560295,106.8278694
2084090883,fuel,шунхлай,47.9566726,106.8261313
2132395290,fuel,МТ ШТС,47.9993108,106.5482697
2257842409,atm,,47.9184397,106.9270319
2279499073,bank,Golomt bank,47.9132565,106.8521274
2280814504,bus_station,Багшийн дээд,47.9181159,106.9257719
2280816142,atm,,47.9183131,106.9249855
2280819114,bus_station,Багшийн дээд,47.9179274,106.9262735
2280821636,bank,Xacbank,47.9166527,106.9283951
2284071482,bank,UB city Bank,47.9122556,106.8374701
2284099782,bus_station,32-р байр,47.9115336,106.8327173
2284099796,bus_station,32-н Автобусны  Буудал‎,47.9110338,106.8335702
2285468614,fuel,МТ  ШТС,47.9116286,106.826398
2285516375,fuel,МТ ШТС,47.9158512,106.8186715
2286678746,marketplace,"BSB"" Store",47.9098541,106.8912701
2286866071,bank,Xacbank,47.9086063,106.8839718
2292507217,atm,,47.9130955,106.9735842
2292524465,bank,Xacbank,47.9160294,106.9653981
2292534376,bank,Худалдаа хөгжлийн банк,47.9184062,106.9477089
2292534386,atm,,47.9182908,106.9534945
2292534413,bank,Хаан банк (Жуковын салбар),47.9185211,106.9517454
2292566288,bus_station,Халдварт,47.9136169,106.9440531
2293161928,bank,Хас Банк,47.9220979,106.9745123
2293177131,atm,,47.9241048,106.9839032
2293326568,atm,Голомт,47.9183052,106.9156197
2293332646,bank,Хадгаламж банк - Ард салбар,47.9178648,106.9131332
2304796392,bus_station,,47.8992412,106.9159878
2304796410,bus_station,,47.8993387,106.9148033
2309452434,bus_station,,48.0494935,106.8999877
2309565655,bus_station,сансарын колонкын буудал,47.9278229,106.9390612
2309602161,atm,,47.9215413,106.9224031
2309602163,atm,,47.9223877,106.923992
2313082403,bus_station,6 буудал,47.965763,106.9175553
2317165297,bank,Хас банк,47.7718744,107.2539393
2317166926,bank,KHAAN Bank,47.773751,107.2543335
2320638238,bank,Хас банк,47.9136936,106.9996586
2320638241,atm,,47.9124927,106.9910487
2320776219,fuel,МТ ШТС,47.908555,106.9345845
2321368122,atm,,47.9232876,106.8821987
2321368123,bank,Төрийн банк,47.9233793,106.8864044
2321368138,bank,Худалдаа хөгжлийн банк,47.9229299,106.8714913
2321375396,bank,Хаан банкны Баянгол салбар,47.9223637,106.8736157
2321375399,atm,,47.9225544,106.8795748
2321375414,bus_station,Өргөө,47.9224706,106.8727527
2321375418,fuel,Петровис ШТС,47.9205483,106.8761235
2321375421,bus_station,Akhui uilchilgeenii buudal,47.9228678,106.8869115
2321375434,bank,Хадгаламж Банк,47.9219665,106.8659283
2321610221,atm,,47.9195333,106.9292368
2321695734,bank,Хас Банк 50,47.8992604,106.895981
2321710141,atm,,47.9125158,106.9141034
2321753379,atm,Худалдаа хөгжлийн банк,47.9225249,106.9113193
2321812601,bank,ХХБ,47.9203175,106.9106279
2321857826,bank,Төрийн банк,47.9164457,106.911844
2321984700,fuel,ТЭС Петролиум ШТС,47.9230576,106.865293
2322020770,atm,Хаан Банk ATM,47.9145697,106.8687544
2322020779,atm,,47.9140951,106.8564055
2322020831,bank,Хаан Банк,47.9140088,106.8627999
2322028441,fuel,клонк,47.8631762,106.7885402
2325542813,fuel,Sod mongol,47.8434082,106.6802692
2325790330,atm,ХХБ,47.8675214,106.8069408
2328796127,fuel,Shunkhlai,47.7268958,106.9043461
2328796128,fuel,Петровис,47.8280447,106.7796845
2343271020,fuel,,47.8037123,107.5496809
2345251593,bus_station,,47.91432,106.8871095
2364131263,bank,Улаанбаатар хотын банк,47.919155,106.9119582
2364133343,bank,"УБ хотын банк, Картын төв",47.9173552,106.9149063
2367310269,fuel,,47.7771383,107.2500138
2367310271,fuel,,47.777624,107.2469586
2367310295,fuel,,47.7772847,107.2490021
2368692985,fuel,Петровис,47.8873675,107.0719394
2368693074,fuel,Шунхлай,47.8867913,107.0775729
2368693092,fuel,M-Ойл ШТС,47.9077705,106.9703838
2368714501,fuel,Петровис ШТС,47.9066976,106.7711428
2368731272,fuel,ТЭС Петролеум ШТС,47.9979281,106.5493081
2371627992,fuel,,47.9392419,106.9066573
2371722827,fuel,,47.9009476,106.7123511
2371722831,fuel,Сод Монгол Групп,47.9006305,106.7043366
2371722838,fuel,,47.9064553,106.7775838
2371722841,fuel,,47.9017084,106.7331879
2371722842,fuel,,47.9010862,106.7180978
2371722858,fuel,MT ШТС,47.9018951,106.7267249
2371722864,fuel,МТ,47.9011443,106.7209123
2383139408,fuel,,47.891323,106.5869495
2383139434,fuel,,47.9096598,106.548681
2383139563,fuel,,47.8895388,106.5882853
2383139614,fuel,,47.9101856,106.5543988
2383144944,fuel,Сод Монгол Групп ШТС,47.9031258,106.6440633
2383144977,fuel,,47.9087626,106.6366643
2388467548,marketplace,Хермес Төв,47.9110488,106.8729799
2389085348,fuel,,47.9080147,106.803541
2389170353,marketplace,Барс 2 худалдааны төв,47.9100824,106.8316379
2389170529,fuel,MT ШТС,47.9110503,106.8350602
2450156383,fuel,,47.7876233,107.26314
2492506139,bank,Голомт банк,47.9223962,106.9241118
2492506153,bank,Кредит банк,47.9213097,106.9189514
2492506197,bank,Чингис хаан банк,47.9112357,106.9139371
2492506226,fuel,Петровис ШТС,47.9087699,106.9126933
2492506304,bank,Хас банк,47.9136511,106.9047765
2492506305,bank,Хаан банк,47.9135732,106.9040747
2498047525,bank,хаан банк АТМ,47.9208086,106.9237916
2499135934,bus_station,ТБД андууд-н автобусны буудал;ТБД андууд дэлгүүр,47.9149062,106.8863108
2511202420,atm,Хаан банк,47.9242786,106.9144998
2514667784,atm,,47.9255623,106.9216243
2520776802,bank,Has bank,47.9181574,106.9208573
2520777870,bank,Хаан банк,47.9224361,106.9105672
2521832301,atm,,47.9269125,106.9178703
2527571300,bank,Төрийн банк,47.9262772,106.9268993
2528889619,bus_station,Түвшин,47.9922931,106.8274564
2530405137,bus_station,11р хорооллын автобусны буудал,47.9268555,106.9268969
2531768538,bus_station,Парадокс Автобусны Буудал,47.9226234,106.8783658
2531768543,bus_station,Колонкын буудал,47.9285696,106.9376628
2531768737,bus_station,Ардын Эрх,47.9291708,106.9201037
2531768738,bus_station,Баян Бүрд,47.9281744,106.9085481
2531768739,bus_station,Баян Бүрд,47.9283771,106.9073638
2531768740,bus_station,Гандан,47.9245002,106.8939369
2531768741,bus_station,Гандан,47.9249932,106.8943414
2531768742,bus_station,Москва Ресторан,47.9230511,106.880993
2531768744,bus_station,Хүүхдийн 2,47.9300187,106.9290051
2531768745,bus_station,Өргөө Автобусны Буудал,47.9229828,106.8749595
2531768762,bus_station,100 Айл,47.9298146,106.9286589
2531768763,bus_station,3-р Сургууль,47.9292617,106.9184733
2535994356,atm,GOLOMT BANK,47.909613,106.9500936
2536023208,fuel,Сод Монгол ШТС,47.9263598,106.9007348
2536023209,fuel,Синчи-Ойл ШТС,47.9266023,106.9014519
2536023211,fuel,Синчи-Ойл ШТС,47.9266517,106.9021746
2536023529,fuel,М-Ойл ШТС,47.9277622,106.9028048
2614392648,fuel,Петровис ШТС,47.8983981,106.6654095
2615905889,atm,,47.9332983,106.9064624
2625916388,bank,Хадгаламж банкны салбар,47.9176775,106.889241
2666285309,fuel,Петровис ШТС,47.8961627,106.8859044
2865738312,marketplace,Belkh zakh,47.9946978,106.9670561
2911604003,fuel,амбэр,47.9182529,106.8605956
2925788870,fuel,Петровис ШТС,47.9156406,106.9446872
2948842842,fuel,MT ШТС,47.8566382,106.7693154
3116112594,atm,,47.9119752,106.8344459
3127208527,bus_station,Овоо,47.9627475,106.8169432
3127208528,bus_station,Овоо автобусны буудал,47.9635118,106.8166677
3127208629,fuel,,47.9656024,106.8143908
3127208630,bus_station,,47.9673921,106.8117565
3127208631,bus_station,Зээл,47.9679973,106.8110358
3127208632,bus_station,,47.9702191,106.8073522
3127208633,bus_station,Хороо 24,47.9708632,106.8067586
3127208639,bus_station,Ногоон дэлгүүр.,47.9766122,106.8040475
3127208640,bus_station,Ногоон дэлгүүр,47.9780485,106.8035833
3127208682,bus_station,Хуучин эцэс,47.9805332,106.803305
3148949261,bank,Төрийн банк,47.9091589,106.9514773
3148951653,bank,Хаан банк,47.9090953,106.9514754
3150318180,atm,Төрийн банк атм,47.9085442,106.9383825
3150402554,fuel,Гор газ ШТС,47.9079475,106.9377008
3151834290,bank,Төрийн банк,47.7065568,106.9479543
3159278628,bank,АТМ (Хаан банк ),47.9240771,106.9839531
3279698675,fuel,Монсуль,47.9000795,106.6876703
3279699065,fuel,Юнигаз,47.9020727,106.7288555
3456796927,fuel,МТ шатахуун түгээх станц,47.8443382,106.7296731
3624194907,fuel,Сод монгол шатахуун түгээх станц 1,47.9144883,106.8886114
3669884625,atm,Хаан банк,47.922205,106.915988
3671100525,atm,,47.921694,106.9107
3673023236,atm,,47.926146,106.913897
3673258625,bank,Капитал банк,47.919092,106.911175
3673292727,bank,Хасбанк,47.9195105,106.9151942
3673293729,bank,Голомт кастодиан,47.919717,106.913469
3673377826,atm,,47.921902,106.910618
3673401426,bank,Хас банк,47.920455,106.905933
3675841425,bank,Хаан банк,47.706078,106.951747
3679692825,atm,Хаан банк,47.92271,106.921923
3781591988,fuel,,47.7847813,106.710565
3804478912,bus_station,Офицеруудын ордон,47.9161009,106.9708828
3804478915,bank,Капитал банк,47.9169834,106.9646533
3804478920,bus_station,1000 Оюутны байр,47.9238534,106.9627679
3804478922,bus_station,100 айл,47.9300697,106.9288889
3804478923,bus_station,100 айл,47.9328413,106.9273897
3804478924,bus_station,9 р дэлгүүр,47.937605,106.9212233
3804484532,atm,Хаан банк,47.9240043,106.9107792
3809479073,bus_station,Хүннү Молл,47.877136,106.8501273
3809479081,bus_station,Яармагын 1-р буудал,47.8718325,106.8324779
3809479084,bus_station,Яармагийн 3-р буудал,47.8681465,106.8201708
3809479085,bus_station,Эмнэлэгийн буудал,47.8653111,106.8105825
3809479086,bus_station,Буянт-Ухаа спорт цогцолбор буудал,47.8567282,106.7824364
3809479087,bus_station,Буянт-Ухаа спорт цогцолбор,47.8567016,106.7831835
3809479088,bus_station,Нисэхийн дэнжийн буудал,47.8563345,106.7701467
3809479089,bus_station,Нисэхийн дэнжийн буудал,47.8561968,106.7718138
3809479090,bus_station,Буянт-Ухаа орон сууц,47.8559233,106.7655642
3809479091,bus_station,Буянт-Ухаа цогцолбор сургууль,47.8572764,106.7621921
3809479092,bus_station,7-р Сургууль,47.8599688,106.7619635
3809479093,bus_station,Нисэхийн эцэсийн буудал,47.8652903,106.763405
3809499577,bus_station,Яармагийн Дэнж,47.8668978,106.786545
3809499579,bus_station,Дэвшил компани,47.8986642,106.7858029
3809499580,bus_station,Мах Маркет,47.9020562,106.7860066
3809499581,bus_station,Монос,47.9059022,106.7863707
3809499586,bus_station,5-н Шарын буудал,47.9096172,106.8145467
3809499595,bus_station,5-н Шарын буудал,47.9099507,106.813905
3809499596,bus_station,10-ын буудал,47.9097418,106.7985387
3809499597,bus_station,нефьт,47.9106458,106.786737
3809499598,bus_station,Өрхийн эмнэлэг,47.916161,106.7730962
3809499599,bus_station,Хуучин Эцэс,47.9246055,106.7653983
3809499600,bus_station,,47.9288129,106.7654871
3809499601,bus_station,Нарангийн Гол,47.931449,106.7654693
3809499608,bus_station,Хуучин эцэс,47.9303659,106.7652015
3809499609,bus_station,Хуучин эцэс,47.9280842,106.7651781
3809499610,bus_station,Грааш,47.9240344,106.7653495
3809499611,bus_station,1-р хорооны буудал,47.9200927,106.7661844
3809499614,bus_station,Шөнийн дэлгүүр,47.9195836,106.7868798
3809499615,bus_station,65-р дэлгүүр,47.9200585,106.7938167
3809499616,bus_station,Зам,47.9203628,106.8001902
3809499617,bus_station,Авто-Сургууль,47.9214421,106.814374
3809499619,bus_station,21-р хороололын буудал,47.9204719,106.8168319
3809499620,bus_station,Хуучин давхар,47.9290196,106.8170413
3809499621,bus_station,Өндөр Настан,47.9341984,106.8157994
3809499622,bus_station,Шинэ давхар,47.9371514,106.8149763
3809499623,bus_station,Хилчин Хотхон,47.9424599,106.8161793
3809499624,bus_station,Цэргийн анги,47.9451254,106.8224378
3809499625,bus_station,Цэргийн анги,47.9450634,106.8212007
3809499626,bus_station,Хилчин хотхон,47.942039,106.815551
3809499627,bus_station,7-р хорооны буудал,47.9490271,106.8253747
3809499628,bus_station,7-р хорооны буудал,47.948528,106.8249948
3809499629,bus_station,Баянхошууны хуучин эцэс,47.9530492,106.8261247
3809499630,bus_station,Баруун Салаа 1,47.9593391,106.8218687
3809499631,bus_station,Хуучин эцэс,47.981817,106.8035374
3809499632,bus_station,Баянхошууны баруун салааны шинэ эцэс,47.987865,106.8019481
3809499633,bus_station,Колонкын буудал,47.9838927,106.802923
3809499634,bus_station,Баруун Салаа 1,47.9596367,106.8207693
3809499635,bus_station,Тойрог,47.955935,106.8290119
3809499636,bus_station,Жанцан дэлгүүр,47.9551551,106.8389748
3809499637,bus_station,Хөтөл,47.9506242,106.8598175
3809499638,bus_station,Буурал ээж,47.9471317,106.8665118
3809499639,bus_station,Зурагтын шинэ эцэс,47.9384291,106.8832297
3809508841,bus_station,Зурагтын хуучин эцэс,47.9334495,106.8869593
3809508846,bus_station,1-р буудал,47.9611557,106.8273285
3809508847,bus_station,2-р буудал,47.9641746,106.8286722
3809508848,bus_station,Зүүн салааны хуучин эцэс,47.9713535,106.8290419
3809508849,bus_station,Улаан Худаг,47.9840119,106.8277323
3809508850,bus_station,Зүүн Салаа,47.9879915,106.827617
3809508851,bus_station,Баян-Хангай,47.9961589,106.8259369
3809508852,bus_station,Зүүн салааны эцэс,47.9985837,106.8257664
3809508853,bus_station,Хуучин эцэс,47.9698732,106.8292875
3809508854,bus_station,Зүүн салааны 2-р буудал,47.9605762,106.8269849
3809508855,bus_station,Зүүн салааны 1-р буудал,47.9604013,106.8268813
3809508856,bus_station,Троллейбусны зогсоол,47.9168977,106.8180332
3809509159,bus_station,10-р хороолол,47.9135987,106.8680147
3811381424,bus_station,Мөнгөн завьяа,47.9166417,106.909502
3846184858,bank,Голомт банк,47.9162144,106.9163717
3886060502,bank,Үндэсний хөрөнгө оруулалтын банк,47.9114073,106.907767
3886158463,bank,Голомт Солонго салбар,47.9130899,106.9042179
3886158468,bank,Хас,47.913692,106.9049652
3886158500,bank,Худалдаа Хөгжлийн Банк,47.9143714,106.9086341
3887075594,bank,Хаан Банк,47.9092321,106.9438001
3887090075,bank,Төрийн банк,47.9128038,106.9410145
3887626683,bank,Төрийн Банк,47.9220803,106.8658769
3889174287,atm,Хаан банк,47.9236471,106.9783052
3890003389,fuel,Юни Газ,47.9095187,106.8157559
3890435364,atm,Батлан хамгаалахын их сургуулийн АТМ,47.9212408,106.9863268
3891278904,marketplace,Good food mini market,47.9210428,106.9272947
3891665660,bank,Худалдаа хөгжлийн банк,47.91478,106.9131631
3891809974,fuel,сод монгол штс,47.9077666,107.0358583
3891838594,marketplace,Амгалан зах,47.9068289,107.0160225
3891862602,bank,Хаан банк,47.9068137,107.0160542
3891929435,marketplace,Хүчит шонхор зах,47.9427339,106.90274
3891930311,bank,Хаан банк,47.9424524,106.9015678
3891970380,fuel,МТ штс,47.9214657,106.8096967
3891975169,fuel,,47.9095898,106.8202376
3891982752,bank,Голомт Банк,47.9132896,106.8522221
3891982753,bank,Хаан Банк,47.9129572,106.8494386
3893390518,bank,Төрийн банк,47.9097853,106.8959476
3893430457,bank,Голомт Банк Бизнес Салбар,47.9127698,106.8452585
3893436348,bank,Голомт банк,47.9176638,106.8175545
3893437842,fuel,Сод Монгол ШТС,47.9081384,106.9069284
3893455080,marketplace,"""Энхжин"" хүнсний дэлгүүр",47.8474001,106.7266664
3893459546,bank,Голомт Банк,47.9142798,106.8663478
3893460698,bank,Голомт Гааль тооцооны төв,47.9089983,106.8829368
3893462202,bank,Голомт банк Варьете тооцооны төв,47.9111875,106.8828567
3893464752,bank,Голомт Банк,47.923239,106.8821607
3893467594,bank,Голомт банк Макс Моол тооцооны төв,47.9154243,106.8916616
3893467621,bank,Голомт банк Голомт хотхон салбар,47.9144575,106.8950901
3893467757,bank,Голомт Банк,47.923354,106.8864691
3893471518,fuel,Тэс ШТС,47.8689445,106.825082
3893474254,bank,Голомт банк ээлийн төв Бизнес төв,47.9162114,106.9002547
3893487185,marketplace,Батхүүгийн дэлгүүр,47.8480102,106.7221123
3893487187,marketplace,Хүнсний дэлгүүр,47.8479668,106.7217769
3893539464,marketplace,Хүнсний дэлгүүр,47.8457417,106.7241422
3893539465,marketplace,Хүнсний дэлгүүр,47.845327,106.7249748
3893539466,marketplace,Хүнсний дэлгүүр,47.8507228,106.7225095
3893653590,bank,Хаан банк,47.9223456,106.8737823
3894566063,bus_station,Дүнжингарав зогсоол,47.9050242,106.9464579
3894575988,bank,Голомт банк - Номин юнайтед тооцооны төв,47.9167745,106.9064442
3894581700,bank,Голомт банк,47.9014174,106.930157
3894582072,atm,Голомт АТМ,47.9013514,106.9300622
3894634830,bank,Худалдаа Хөгжлийн Банк,47.8816982,106.9112469
3894645101,atm,Худалдаа хөгжлийн банкны АТМ,47.9142608,106.908134
3894656330,bank,Улаанбаатар хотын банк,47.9143011,106.9097031
3894766432,atm,ХХБ АТМ,47.9174309,106.9071792
3894775817,atm,XXБ АТМ,47.9141918,106.916109
3894776971,bank,Хаан банк,47.9039587,106.910969
3894779353,bank,ХХБ,47.9174763,106.9073971
3894805830,fuel,Жаст Ойл ШТС,47.9282624,106.8909035
3894809452,bank,Tөрийн банк,47.9166953,106.9086997
3894818144,bank,Төрийн Банк,47.9233555,106.8863641
3894825757,bank,Худалдаа Хөгжлийн Банk,47.9124045,106.8422813
3894835119,bank,Капитал Банк,47.9230603,106.877832
3894838405,bank,Төрийн банк,47.9122146,106.8376658
3895025301,atm,Голомт банк ATM,47.9274672,106.9124481
3895039814,bank,Төрийн банк,47.9247349,106.9148019
3895067004,bank,Кидан хадгаламж зээлийн хоршоо,47.9151767,106.9070416
3895132124,atm,ХХБ,47.9217669,106.9225344
3895133936,atm,Хас,47.9218421,106.9225157
3895152267,atm,XXБ АТМ,47.9097609,106.9130611
3895189915,bank,Төрийн Банк,47.9118594,106.8347801
3895192496,bank,Төрийн банк,47.9223582,106.9034629
3895195065,bank,Хаан банк,47.9043169,106.9351427
3895200548,bank,Төрийн банк,47.8953088,106.9081003
3895203191,bank,Хаан банк,47.9095643,106.949835
3895205744,bank,Хаан банк,47.9099891,106.9429598
3895221583,bank,Хаан банк,47.91858,106.9408215
3895225714,bank,Хаан банк,47.9184374,106.9475914
3895237625,bus_station,23-р Байр Автобусны Буудал,47.9167572,106.8385645
3896057849,bank,Хаан банк,47.9222893,106.9168847
3896082124,atm,ATM,47.9132107,106.8531794
3896082125,atm,,47.9132688,106.8537562
3896154149,bank,Хас банк АТМ,47.9276458,106.9272447
3896154480,bank,,47.9273326,106.9257792
3896154735,bank,Голомт банк АТМ,47.9276458,106.9272447
3896154755,bank,Худалдаа хөгжил банк АТМ,47.9276726,106.9273111
3896158875,bank,Arig bank,47.9169787,106.9116374
3896158880,bank,Төрийн Банк,47.9132274,106.9049989
3896233934,bank,Аудитын компани,47.9257859,106.9270393
3896240176,bank,Төрийн банк,47.9262725,106.9269202
3896247922,bank,Хасбанк салбар,47.9260018,106.9269903
3896252127,bank,Голомт банк салбар,47.9295053,106.9249204
3896562535,atm,хаан банк атм,47.9175006,106.9646616
3896562570,atm,капитал банк атм,47.9170075,106.9646152
3896591042,fuel,Сод монгол ШТС,47.9170108,106.9638222
3896672023,bank,Голомт банк,47.9201997,106.943331
3896676560,bank,Капитрон банк,47.9207013,106.9432785
3896678531,bank,"Хөдалдаа, хөгжлийн Банк",47.9209949,106.9431504
3896763516,bank,улаанбаатар хотын банк,47.912992,106.9016293
3896771886,marketplace,airmarket билетийн касс,47.9129899,106.901312
3896952648,bank,Хас Банк,47.9132349,106.853285
3896971380,atm,голомт атм,47.9141834,106.8571034
3897537224,marketplace,Бөмбөгөр худалдааны төв,47.9200192,106.9001898
3898586944,marketplace,Ээждээ Хүнсний Дэлгүүр,47.9143584,106.8406394
3900011107,bank,голомт банк,47.9171742,106.9388683
3900072497,bank,Голомт банк,47.9181139,106.9205381
3900077125,bank,Голомт банк,47.919914,106.9027455
3900077980,bank,Голомт банк,47.9165751,106.9186928
3900079785,bank,Голомт банк,47.9171216,106.9157209
3900084192,bank,Голомт банк,47.9155045,106.9061368
3900084405,bank,Голомт банк,47.914295,106.9160453
3900095819,bank,Худалдаа Хөгжлийн Банк,47.9233747,106.8845951
3900114210,bank,Капитал банк,47.9215101,106.9031798
3900167364,bank,Ариг Банк,47.9232229,106.8808593
3900791952,bank,Говь Финанс,47.9139935,106.9159199
3900837703,bank,Капитал Банк,47.9147834,106.8597665
3900845778,bank,Капитал банк,47.9198759,106.9027969
3900854549,bank,,47.9112112,106.87371
3900855752,bank,Капитал Банк,47.9230922,106.8780531
3900861757,bank,Капитал банк,47.9158415,106.8997726
3900866542,atm,Худалдаа хөгжлийн банк,47.9098246,106.8032037
3900867138,bank,Капитал банк,47.9103472,106.8120069
3900867380,bank,Капитал банк,47.9105366,106.8169663
3900868274,bank,Худалдаа хөгжлийн банк,47.9134249,106.9022286
3900870444,bank,Худалдаа Хөгжлийн Банк,47.9103462,106.8352828
3900870494,bank,Худалдаа Хөгжлийн Банк,47.913069,106.8502307
3900873147,fuel,Юнигаз ШТС,47.9282601,106.9366248
3900873363,bank,Худалдаа хөгжлийн банк,47.9150047,106.8761022
3900873922,bank,Худалдаа хөгжлийн банк,47.9163046,106.9021719
3900875192,fuel,UniGas AGS-3,47.9159299,106.9768241
3900875762,atm,Голомт банкны атм,47.9145816,106.9108312
3900886610,bus_station,Чулуун овоо,47.9122697,106.9791216
3900887394,fuel,ДАШВААНЖИЛ-ГАЗ АХЦС№6,47.9128696,106.9996195
3900888423,bank,Amar Agent-Bumbuujei,47.9130322,107.0014128
3900899623,marketplace,зах,47.9122186,106.9868099
3900927362,bank,Хаан банк,47.7746047,107.2536838
3900954542,bank,ATM,47.9143958,106.8906145
3900965002,fuel,Дашваанжил ХХК,47.9095023,106.8187357
3900965221,atm,Төрийн банк АТМ-6 ATM,47.9098762,106.7955131
3901160257,atm,Хаан банк,47.9190497,106.9638974
3901168105,fuel,Синчи ойл ШТС,47.7932859,106.6282313
3901168713,bus_station,Гүүр,47.7934242,106.6280083
3901169081,atm,Төрийн банк,47.9158842,106.9650042
3901177765,bus_station,Моносын буудал,47.7853952,106.6207088
3901265088,bank,ХААН БАНК,47.9185964,106.8843348
3901269959,marketplace,3 н сайхан,47.9902657,106.8262488
3901410948,bank,Хаан банк,47.9212058,106.81752
3901411448,bank,Хаан банк,47.9111303,106.8206095
3901411550,bank,,47.9119167,106.8348975
3901413256,bank,Хаан Банк,47.9097787,106.8363245
3901415524,bank,Хаан банк,47.9126488,106.8561723
3901428115,bank,Хаан банк,47.9228708,106.8679995
3901433091,bank,,47.9227722,106.8866255
3901481360,bank,Хас банк,47.9233501,106.8872537
3901498601,bus_station,Гэмтэлийн эмнэлэг,47.9213963,106.8591389
3901515662,bank,Голомт банк,47.9002877,106.9086425
3901536302,bus_station,Ботаникийн эцэс,47.9125846,107.000962
3901540137,atm,ХАС банк,47.9125419,107.0003038
3901540575,bank,Капитал банк,47.912214,107.0010759
3901552153,bus_station,17-р сургуулийн буудал,47.9486734,106.9136997
3901560490,atm,Хаан банк,47.9217635,106.8616561
3901560895,atm,Голомт,47.9230086,106.8688031
3901561816,atm,ХХБ,47.9229054,106.8679466
3901565524,atm,Голомт Банк,47.9221456,106.8671825
3901565525,atm,Хас Банк,47.9221745,106.8672872
3901569137,atm,Хаан банк,47.9221373,106.8697028
3901610706,bus_station,Нисэхийн эцсийн буудал,47.865388,106.7630953
3901741592,bus_station,60-р сургууль,47.8630068,106.8043983
3902464003,marketplace,Egg mart,47.9118376,106.905311
3902482761,fuel,Сод Монгол ШТС,47.9218318,106.816261
3902483148,atm,ATM,47.9028509,106.9410508
3902494280,bank,Голомт банк,47.8958571,106.9080262
3902494449,atm,АТМ,47.9207924,106.9238412
3902498073,marketplace,"""Түмэн хөрш"" дэлгүүр",47.8706802,106.8191485
3902498674,marketplace,Хүнсний дэлгүүр,47.8722303,106.8264278
3902498675,marketplace,Хүсний дэлгүүр,47.8704516,106.8154415
3902499502,marketplace,Хүнсний дэлгүүр,47.8746505,106.8188064
3902500176,marketplace,Барааны дэлгүүр,47.8684256,106.806723
3902500177,atm,Хаан АТМ,47.8683366,106.8066211
3902501166,bank,Голомт банк,47.9060489,106.9431563
3902501188,marketplace,Мөнхийн рашаан хүнсний дэлгүүр,47.8738505,106.818909
3902502462,marketplace,Хүсний дэлгүүр,47.8707791,106.81461
3902503234,marketplace,Ариун хутаг,47.8711992,106.8145228
3902503521,marketplace,Хүнсний дэлгүүр,47.8708115,106.8063448
3902503522,marketplace,Барааны дэлгүүр,47.8707773,106.8063555
3902503523,bank,Хаан банк,47.9156589,106.90272
3902503667,marketplace,Хүсний дэлгүүр,47.8710175,106.8108509
3902503759,marketplace,Хүсний дэлгүүр,47.8705965,106.8104995
3902504351,marketplace,"Мах, ногооны дэлгүүр",47.8715204,106.8063649
3902505136,marketplace,Махны дэлгүүр,47.8706091,106.8067525
3902505568,marketplace,Болор,47.8730137,106.806845
3902505605,marketplace,Ундрам,47.8737019,106.8068356
3902509092,atm,Голомт АТМ,47.8683995,106.8065916
3902509224,marketplace,Ногооны дэлгүүр,47.8707836,106.8068088
3902510703,atm,Хас АТМ,47.8682704,106.8066358
3902513344,marketplace,"""Морингийн даваа"" хүнсний дэлгүүр",47.843661,106.7264249
3902513346,marketplace,"""Морингийн даваа"" барааны дэлгүүр",47.8436538,106.7263551
3902514289,marketplace,"""Family"" хүнсний дэлгүүр",47.8443577,106.725647
3902590401,bank,Капитал банк,47.9227816,106.9151946
3902591671,bank,Голомт банк,47.9238483,106.9149822
3902614032,bank,Худалдаа хөгжил банк,47.927638,106.9177379
3902634817,atm,Хас Банкны атм,47.9113053,106.9086245
3902651383,atm,,47.9695293,106.9179069
3903976097,fuel,MT ШТС,47.9160372,106.9757828
3907841076,atm,Хаан Банк ATM,47.9232175,106.8843876
3908092352,atm,Голомтын атм,47.917082,106.9122253
3908098665,bank,Жуниор Натур ББСБ,47.9172643,106.9115448
3908248332,bus_station,Яармагийн 3-р буудал,47.8678928,106.8206799
3908258794,bus_station,Яармагийн 2р буудал,47.8693266,106.825574
3908265674,bus_station,Яармагийн 2р буудал,47.8696769,106.8249939
3908279564,bus_station,Хүннү Молл,47.877813,106.8523168
3908283460,bus_station,MSM,47.8909368,106.8689038
3908283461,bus_station,MSM,47.8910742,106.8704539
3909328051,bank,Худалдаа хөгжлийн банк,47.9164471,106.9199494
3909328071,bank,Төрийн банк,47.9165129,106.9199518
3909350165,bank,Төрийн банк,47.8688526,106.8066211
3910039585,bus_station,39-р сургуулийн автобусны буудал,47.9342795,106.9067432
3910040330,bus_station,автобусны буудал,47.9352025,106.9049219
3910395712,fuel,Шатахуун Түгээх Станц,47.9114687,106.8533564
3910407332,bus_station,Автобусны буудлын эцэс,47.7671198,107.2460794
3910435416,bus_station,15-н буудал,47.9565297,106.9026151
3910438599,bank,Хаан банхны Атм,47.9103417,106.7793599
3910440583,bus_station,Нарантуул 2 автобусны буудал,47.9463142,106.9001961
3910446116,bus_station,Нарантуул2 автобусны буудал,47.9455273,106.9015963
3910449561,bus_station,Сансарын туннел,47.9242028,106.9412129
3910449619,bus_station,Сансар,47.9234542,106.9419089
3910450060,bus_station,Зам гүүрийн авто базз,47.9484078,106.8975664
3910451525,atm,,47.9431734,106.9032647
3910604823,bank,Кредит монгол,47.9225083,106.8900897
3910658721,atm,ТҮЦ,47.9232296,106.8779297
3910774754,bank,Хаан банк,47.9820937,106.9388924
3910775612,bank,Төрийн банк,47.9814271,106.9390287
3910779567,bank,Хаан банк,47.9955958,106.9667243
3910930846,fuel,Петровис ШТС,47.9614244,106.9334626
3912169700,marketplace,Хаяг реклам,47.9292765,106.9238373
3912217932,marketplace,Хаяг реклам,47.9293084,106.9174913
3912223672,marketplace,Хаяг реклам,47.9294228,106.9183084
3912617627,atm,Хаан банкны ATM,47.9229791,106.8777425
3912624548,bank,,47.9273642,106.9177104
3912625273,bank,,47.9269703,106.917858
3912745584,atm,Хаан банк,47.9471816,106.9021353
3912751377,fuel,МТ ШТС,47.9075862,106.966622
3912753617,bus_station,Хүчит шонхор,47.9430313,106.9032466
3912755308,fuel,Сод Монгол ШТС,47.9077666,107.0358583
3912764782,bus_station,39-р сургууль,47.9359356,106.9079029
3912765254,bank,Хаан банк,47.9191126,106.9238775
3912769971,atm,Хаан банк,47.9175849,106.9331521
3912782679,bank,Улаанбаатар,47.9128988,106.9422223
3912825459,bank,АТМ Хаан банк,47.9266371,106.9272552
3912830914,bank,,47.8588832,106.7614665
3912941570,bank,Голомт банк,47.9125727,106.9400095
3912969575,bank,ХХБ,47.9155601,106.8917118
3913092476,marketplace,Хүнсний дэлгүүр,47.9245407,106.9195415
3913108584,atm,Худалдаа хөгжил,47.9108454,106.941494
3913110417,atm,Голомт,47.9107781,106.9414987
3913110710,atm,Хаан банк,47.9109463,106.9415647
3913246347,bank,,47.8996731,106.9187873
3913250281,atm,,47.9011224,106.9172719
3913255284,bus_station,,47.9016574,106.9103769
3913256274,atm,,47.9000402,106.9084283
3913277017,atm,,47.9222073,106.9246265
3913284659,bank,,47.922269,106.9168387
3913288726,atm,ATM,47.9207924,106.9238412
3913293227,atm,ATM,47.9183131,106.9249855
3913299897,bus_station,МУИС,47.9224964,106.9206627
3913316151,bank,Хас банк,47.9195105,106.9151942
3913316402,bank,Улаанбаатар хотын банк,47.9200607,106.9153836
3913321631,bank,Голомт банк,47.9131293,106.9043383
3913322202,bank,Хаан банк,47.9135732,106.9040747
3913350506,atm,,47.9143958,106.8906145
3913357719,bank,Хас Банк,47.9233501,106.8872537
3913427227,bank,Худалдаа Хөгжлийн Банк,47.9124045,106.8422813
3913440199,bank,Төрийн банк,47.9220803,106.8658769
3913443939,atm,Голомт Банк,47.9230086,106.8688031
3913446023,bank,Хаан Банк,47.9223456,106.8737823
3913495885,bank,Хаан банк,47.9191405,106.9038538
3913514754,bank,Хас Банк,47.8992604,106.895981
3913758290,bus_station,21-р хороолол автобусны зогсоол,47.920927,106.8170005
3913856147,marketplace,Хархорин 3ах,47.9107625,106.8372202
3913954283,atm,Хаан банк,47.916875,106.9064013
3913956279,bank,Төрийн банк,47.9225168,106.9180691
3913956970,fuel,МТ ШТС,47.9145884,106.871803
3913960963,atm,Төрийн банк,47.9168583,106.9064823
3913986675,atm,хаан банк,47.9418648,106.9320235
3913988349,atm,Хаан банк,47.9279589,106.9176512
3914890615,bank,Голомт Банк,47.9185874,106.9403994
3915750635,bus_station,120 myngat buudal,47.90132,106.9103416
3918359379,bank,Хаан банк,47.9043585,106.9356654
3918600560,fuel,Жаст Ойл ШТС,47.9398529,106.9161988
3918600563,fuel,Сод Монгол ШТС,47.946366,106.9144956
3918600564,fuel,МТ ШТС,47.9500543,106.9136293
3930237392,bank,Төрийн банк,47.9231907,106.9426088
3930757257,bank,Төрийн банк,47.926253,106.9154628
3930763713,atm,Голомт банкны АТМ,47.926317,106.9150099
3930767357,atm,Төрийн банкны АТМ,47.9263119,106.9150222
3930768077,atm,Худалдаа Хөгжлийн банкны АТМ,47.9262757,106.9150607
3930887935,bank,Банк бус санхүүгийн байгууллага,47.922539,106.8794191
3930891194,bank,Төрийн банк,47.922611,106.8814068
3931554780,bank,MSMS ББСБ,47.9241631,106.9164035
3931596257,bank,Голомт банк /Golomt bank/,47.914834,106.9208602
3931725257,bank,State bank,47.9166566,106.9085464
3931791170,bank,Хаан банк,47.9158962,106.9049603
3931959057,bank,Төрийн банк,47.9185692,106.9403098
3974838757,fuel,Монсуль ШТС,47.9077601,106.9476799
3981709077,fuel,,47.8010703,106.6339003
4029394889,bank,Төрийн банк,47.9166818,106.9087985
4029417989,atm,Natianal circue,47.9112131,106.9072279
4029418691,bank,Money gram,47.9133974,106.9022003
4029431989,atm,Хаан экспресс,47.91798,106.9105466
4029443427,bank,Төрийн банк,47.9179846,106.9144108
4029445089,bank,Хаан банк АТМ Экспресс,47.9206383,106.9078007
4029445093,bank,Khanbank,47.9154994,106.8954931
4029450292,bank,Arig bank,47.9154612,106.8996334
4029455151,bank,"""Төрийн банк"" модны 2 тооцооны төв",47.9186628,106.8886928
4029456391,bank,Gololmt bank,47.913046,106.9040465
4029457363,bank,Төрийн банк бизнес төв,47.9188684,106.9119706
4029457364,bank,Монголбанк,47.919748,106.9118175
4029457365,bank,Худалдаа хөгжлийн банк,47.9190147,106.9119413
4029462293,bank,undesnii horongo oruulaltiin bank,47.9110299,106.9073526
4029475989,bank,capitron bank,47.9126891,106.9082969
4029486403,bank,Голомт банк,47.9162629,106.9022459
4152609810,bank,Төрийн банкны салбар,47.909812,106.9119817
4199819491,bank,State Bank,47.9022131,106.9015254
4222195095,bank,Ochirpess LLC,47.9206537,106.9213227
4223113315,bank,Төрийн Банк,47.9045928,106.9331702
4234840589,atm,,47.9331172,106.9192624
4264590068,bank,Хаан банк,47.9116958,106.8843588
4264721091,bank,Ирээдүй финанс ББСБ,47.9170851,106.9050975
4267809099,fuel,Шунхлай ШТС,47.924401,106.9723404
4303442498,atm,,47.9028726,106.8917116
4303463290,bus_station,Нарны гүүр,47.9037462,106.8933891
4303463389,bus_station,Алтай хотхон,47.9035863,106.8930121
4313086991,bank,Invescore,47.9144406,106.9103505
4354067794,atm,,47.9431692,106.903252
4388745395,atm,Төрийн банк,47.9178844,106.933366
4388767602,fuel,Тэс ШТС,47.9078562,106.9419376
4397261973,fuel,Гор Газ,47.7902048,107.2181006
4397261974,fuel,Nes-Oil,47.7894272,107.2185855
4397261975,fuel,Петровис ШТС,47.7901429,107.219357
4409006490,fuel,дашваанжил,47.9076616,107.0355923
4415912689,bank,"Ариг, ХААН, Голомт, Төрийн, Номин Юнион",47.896593,106.888806
4419711592,atm,Голомт АТМ,47.9125341,106.9269743
4419711593,atm,Хаан АТМ,47.9125467,106.9268778
4423063794,atm,,47.9021659,106.9018374
4423089694,bank,ХААН Банк Жаргалант салбар,47.90219,106.901882
4423695892,atm,,47.9423619,106.8144497
4424531490,atm,,47.8963761,106.8891956
4424531589,atm,,47.8963263,106.889139
4424531689,atm,,47.896355,106.889181
4426436408,fuel,Шунхлай ШТС,47.9082426,106.9520293
4430550091,atm,,47.9021846,106.9018243
4446986389,atm,,48.0008948,107.4536034
4502498002,bank,ХААН банк Яармаг салбар,47.8715831,106.8303804
4504307495,fuel,Мон Суль Айц,47.7780362,106.7430535
4504666789,fuel,Шунхлай ШТС,47.9094609,106.8049573
4504795839,fuel,,47.9839668,106.9363145
4509693691,fuel,Шунхлай ШТС,47.9399895,106.9142898
4531899994,fuel,Петровис ШТС,47.9241404,106.9770366
4546169090,atm,,47.7016596,106.943124
4549158890,bus_station,,47.9879278,107.4632549
4572501690,atm,,47.918006,106.9155759
4573822791,atm,,47.7065136,106.9480585
4573839292,atm,,47.7082412,106.9490983
4584159291,bank,,47.9289141,106.8350797
4623071590,atm,,47.7735589,107.2386116
4629154489,atm,,47.9171526,106.9419974
4634037390,atm;bank,Төрийн банк,47.9252764,106.8805162
4634041290,atm,,47.9271303,106.9146877
4655584345,bank,ATM,47.9192929,106.9200024
4656540991,bank,Worldwine,47.9065302,106.8941494
4656568289,bus_station,Хүннү хороолол,47.896546,106.9209578
4720387094,bank,camera,47.8794498,106.8525097
4727110107,bank,Khan bank,47.911826,106.8345604
4764183523,bank,Turiin bank,47.9165871,106.8903023
4778183724,atm,,47.7336365,106.8155067
4779874921,bank,Төрийн банк,47.9141016,106.878267
4790292621,atm,,47.903048,106.8754587
4793640522,atm,,47.9222803,106.916872
4804946721,atm,,47.6578735,107.4886631
4815391430,bank,Аригбанк ТӨВ,47.8949361,106.8794571
4835776122,atm,,47.9248334,106.8943042
4838380827,fuel,сод монгол,47.9081116,106.7622146
4838380828,bus_station,зааны төгөл цэцэрлэг,47.9212482,106.7447177
4838383022,bus_station,тойрог,47.9155654,106.7510387
4845834522,bus_station,120 мянгат шинэ,47.9000696,106.9091477
4848027224,atm,,47.9214665,106.9031773
4864482922,bank,,47.8036982,106.4227051
4864689721,atm,,47.9192226,106.8128662
4881004534,bank,,47.9255389,106.9465597
4938195621,fuel,,47.8906205,106.5864395
4942908621,bank,,47.9147797,106.8933216
4977595421,atm,,47.9118887,106.9029893
4984032421,bank,Хаан банк,47.9143137,106.9152275
5003304921,atm,,47.9194103,106.8811896
5004018021,bus_station,Хархорин буудал,47.9116661,106.8406329
5014668694,marketplace,,47.8826977,106.8562847
5045111335,atm,,47.9367811,106.7925574
5109456422,atm,,47.8817348,106.9124676
5109456423,atm,,47.8816805,106.9113835
5116479054,bank,camera,47.8794891,106.8519668
5119312586,bank,ХААН Банк,47.9252299,106.878049
5119776921,fuel,Шунхлай ШТС,47.9155997,106.9690046
5170901682,atm,Golomt Bank,47.9026421,106.7377512
5174212247,atm,,47.9176486,106.9334114
5178136655,atm,Chaan Bank,47.9193767,106.9422583
5205427526,atm,,47.9342026,106.9208816
5206639524,bus_station,Зүүн аймгуудын авто вокзал,47.9128662,106.9783386
5219024421,bank,Худалдаа Хөгжлийн Банк,47.8975156,106.8873748
5228196122,atm,,47.9224649,106.8906446
5235846458,bank,төрийн банк,47.9190472,106.9656985
5255977721,bus_station,Тэнгэр худалдааны төв автобусны зогсоол,47.914499,106.9749301
5255977821,bus_station,Тэнгэр худалдааны төв Автобусны зогсоол,47.9143948,106.9748899
5261677621,fuel,,47.8776643,107.1023712
5267401018,fuel,Шунхлай ШТС,47.9287831,106.9349612
5304393378,atm,,47.9252739,106.901528
5304393379,bank,Хаан банк,47.9082541,106.9400456
5390471523,atm,,47.9344582,106.9081135
5402812523,atm,,47.9223986,106.887834
5417899633,bank,290D,47.6435154,106.8372846
5424186719,fuel,Петровис ШТС,47.9038246,106.8754918
5436025421,atm,,47.9280292,106.9213346
5470081397,bank,Хаан Банк,47.9250361,106.9422635
5476942122,bank,Хаан Банк,47.9278918,106.9381379
5476962707,atm,,47.9234045,106.9393663
5483732323,atm,,47.8736137,106.8365872
5567276322,atm,,47.8258358,106.8510331
5688231921,atm,,47.9042869,106.9291997
5689063221,atm,,47.9143567,106.9785171
5689063322,atm,,47.9128407,106.9297613
5702645322,atm,,47.9624227,106.8994325
5702645323,atm,,47.9490642,106.9115179
5702645324,atm,,47.951367,106.8936832
5702645325,atm,,47.9451024,106.9064009
5702645622,atm,,47.9494789,106.9099997
5702645623,atm,,47.9537403,106.8873355
5702645624,atm,,47.9483492,106.8922366
5702646122,atm,,47.9535903,106.888321
5702646123,atm,,47.9472034,106.9070415
5702693621,atm,,47.9670185,106.9060834
5702693622,atm,,47.9674868,106.9163464
5702693623,atm,,47.999878,106.9275812
5702693624,atm,,47.9508615,106.900583
5702693625,atm,,47.9493298,106.8999931
5702693721,atm,,47.969391,106.9065765
5702693921,atm,,47.9779627,106.9206072
5702693922,atm,,47.954218,106.9104298
5702693923,atm,,47.9517243,106.8969075
5732259221,atm,,47.9188686,106.9071641
5762749253,atm,,47.9758702,106.8964473
5762749254,atm,,47.9794481,106.8949292
5762749255,atm,,47.9461629,106.9127469
5762749453,atm,,47.9280499,106.9007548
5762749454,atm,,47.9490837,106.8990749
5762749455,atm,,47.9461371,106.9126992
5775144354,bank,Хаан банк,47.9180565,106.9108731
5775164253,bank,Худалдаа хөгжлийн банз,47.9192749,106.9119139
5833723586,atm,,47.9190673,106.9430786
5853071185,atm,,47.9641618,106.8355563
5899425687,fuel,Петровис,47.7025838,106.9467981
5899467985,fuel,МАГНАЙ ТРЭЙД,47.7107626,106.9296458
5905411185,bank,Капитрон банк,47.9116986,106.9429664
5996957985,fuel,,47.9743001,107.4666338
5997190885,atm,,47.9305585,106.9704909
6036431186,atm,,47.9325352,106.8112691
6042298926,atm,Төрийн Банк,47.9225272,106.9180905
6070158586,bus_station,Шөнийн дэлгүүр,47.9198348,106.7889671
6070158785,bank,Голомт Банк,47.9200952,106.8177583
6118871885,bus_station,хөгжим бүжгийн буудал,47.9230405,106.9265301
6217413532,bus_station,Яармагын 1-р буудал,47.8717967,106.8337798
6217413547,fuel,,47.8695459,106.8249956
6259675585,atm,,48.1797337,106.3853744
6260005486,atm,,48.0645831,106.4826311
1013903487,kiosk,,47.852971,106.7626052
1193604697,car_repair,,47.92505,106.9137194
1245746550,kiosk,,47.9093127,106.894297
1245746826,kiosk,,47.9043005,106.9250608
1247498190,computer,ТЭДИ төв,47.921211,106.905744
1247498305,kiosk,,47.9015242,106.9092424
1247498337,kiosk,,47.91999,106.9074877
1250012324,travel_agency,air market,47.9159774,106.9068872
1250012831,mobile_phone,MobiCom,47.9002276,106.9085726
1251077835,car,BMW Наран Моторс,47.909824,106.9129427
1251077851,car,,47.9092368,106.9128301
1252356889,kiosk,,47.9219289,106.9070623
1273185025,kiosk,,47.9027907,106.909321
1277286256,kiosk,,47.9057586,106.9286854
1317293734,travel_agency,AirMarket,47.9159177,106.9150415
1317293775,travel_agency,,47.9166505,106.9151829
1396114141,kiosk,Bulag shandiin eh,47.918498,106.905485
1426233842,kiosk,Jumbo,47.92758,106.9159597
1477564965,kiosk,,47.7056724,106.9514126
1679376231,computer,Computer Land,47.9165918,106.8995773
1732871678,travel_agency,EZNIS,47.9146824,106.9115308
2279487122,mobile_phone,Соёмбо Кино Театр,47.9128595,106.8446302
2282832003,car,Nissan Моннис,47.9084102,106.9111429
2285467350,car,Монгол Хьюндай Кай,47.9098741,106.8251959
2285641586,car,Да Хүрээ Зах,47.9293128,106.9994256
2320771364,car,Авто худалдаа,47.9088502,106.9154844
2330502435,car,Хурд AUTO LLC,47.925095,106.9790579
2492506227,car,Моннис Ниссан төв,47.9084102,106.9111429
2505566058,computer,БСБ Компьютер,47.923034,106.9180804
2505566061,stationery,,47.9241162,106.9167793
2505566062,computer,,47.9233471,106.9180728
2511111456,computer,комьпютер засвар,47.9250282,106.9201846
2511111461,stationery,,47.9249194,106.9200462
2511111476,stationery,,47.9250893,106.9202622
2511230701,kiosk,Энхжин,47.9235383,106.9223234
2513546961,stationery,Сэлэнгэпресс,47.9244267,106.9199861
2513546962,stationery,Соёмбо,47.9241907,106.920295
2514667759,stationery,Хүст(ШУТИС сургалтийн төв ),47.9252197,106.9219716
2514667760,stationery,Marie's,47.9255919,106.9200848
2524039068,kiosk,,47.9198315,106.9238369
2528795345,stationery,,47.9265157,106.9184411
2528795354,mobile_phone,,47.9266397,106.9193835
2531826805,kiosk,,47.9237468,106.9092808
2531826806,mobile_phone,,47.9237677,106.9092787
2541224738,travel_agency,MIAT,47.9114463,106.9141793
2614455948,car,Машин засвар,47.9325768,106.9051241
2615897593,car_repair,,47.9289485,106.9378801
2629728222,car_repair,,47.9143172,106.9011122
2699995932,kiosk,ундрага,47.9113235,106.9119315
2863521970,car_parts,,47.9282299,106.9108133
3127208714,kiosk,Дээж,47.982109,106.8035641
3159294108,car,Хаан суудлын бүрээс,47.9238296,106.9858957
3159296361,car,Вьетман засвар,47.9238678,106.9860328
3279726205,computer,Entera,47.8865288,106.9110886
3673293228,kiosk,Мишка,47.919898,106.913304
3675770225,kiosk,Хунсний дэлгуур,47.707578,106.961884
3886128223,car_repair,BB Car Upholstery,47.8976838,106.8593574
3891263136,computer,java internet pc game,47.9279172,106.9227369
3891922285,stationery,Бичиг хэрэг,47.9420238,106.9100812
3891950548,car_repair,Авто сэлбэг,47.9398138,106.9128214
3892415771,car,Хьюндай моторс Монгол,47.8997539,106.9099891
3892421696,car,Дугуй засвар,47.8991856,106.9158524
3893539463,car_repair,"""Мөөеө"" дугуй засвар",47.8436856,106.7270314
3894616114,stationery,"""Golden pen""",47.9144496,106.9088964
3895055720,car,Hyundai elevator,47.9137049,106.9045764
3895111345,stationery,Morning Glory,47.9146085,106.9063674
3899196091,car_repair,Vision  авто сервис,47.9223769,106.8621395
3899208567,car_repair,UB авто сервис,47.9223485,106.8616546
3899274392,computer,PC Mall,47.9096628,106.943831
3899695978,mobile_phone,Мобиком (Mobicom),47.9228052,106.9427039
3899793436,mobile_phone,Жи мобайл,47.9239849,106.9792014
3899830963,mobile_phone,Мобиком,47.9168546,106.906247
3899858049,mobile_phone,Жи-Мобайл Яармаг салбар,47.8717065,106.8305739
3899873626,mobile_phone,жи мобайл,47.9245075,106.9197402
3899881901,mobile_phone,Жи мобайл,47.9167635,106.90631
3899882203,mobile_phone,Жи Мобайл,47.9214565,106.922644
3899915711,mobile_phone,Жи Мобайл,47.9231644,106.8763622
3899917314,mobile_phone,Жи Мобайл,47.9223427,106.9042827
3899925992,mobile_phone,Жи мобайл,47.9225657,106.8816369
3899966617,mobile_phone,Жи мобайл,47.9112396,106.8211178
3900182489,mobile_phone,Тэди2,47.9232637,106.8803308
3900866677,car_repair,Сутай буянт,47.9084211,106.8030556
3900868273,car_repair,Galaxy Car and Tire Center,47.9307371,106.9171679
3900870445,computer,СИ ТИ ЭС ХХК,47.9144627,106.9114949
3900872813,car_repair,Топ ран авто засварын төв,47.9274775,106.9014066
3900874548,car_repair,Auto Lamp,47.93093,106.9167482
3900996297,stationery,"""Morning Glory"" бичиг хэргийн дэлгүүр",47.9159147,106.9058662
3901110581,travel_agency,Samar Magic Tours,47.9165922,106.9077469
3901141920,car_repair,Auto Complex Auto Service / Branch II /,47.9087057,106.9707766
3901145615,car_repair,Хүч Авто Сервис,47.9229753,106.9799727
3901155836,mobile_phone,Юнител,47.9169422,106.9647956
3901563644,computer,PC,47.9237724,106.940957
3902503334,mobile_phone,Юнител,47.9157213,106.9026225
3904527696,mobile_phone,Unitel,47.9046311,106.9430372
3904527930,mobile_phone,Мобиком,47.9048915,106.9430858
3904777246,car_repair,Дугуй засвар,47.9170261,106.8465875
3904777247,car_repair,Дугуй засвар,47.9170281,106.8469156
3904780892,car_repair,Автосервис,47.917007,106.8404895
3907829600,computer,iSquare,47.917523,106.9071635
3908456066,mobile_phone,Skytel,47.9232897,106.8761932
3910047903,computer,PC World,47.870779,106.8275291
3910302380,stationery,Голден пен,47.9184315,106.9366158
3910459950,car,СҮҮБ авто сургууль,47.9253657,106.9424751
3910634895,stationery,Тод Өнгө Бичиг Хэргийн Дэлгүүр,47.9208209,106.8901933
3910917852,carpet,Эрдэнэт Хивс,47.9231112,106.8773091
3912490217,computer,Хишиг төв,47.9230676,106.8740379
3912749324,car_repair,Luxe Oil,47.9074954,106.96573
3912840260,car_repair,CARFIX Авто Засвар,47.9123447,106.9349375
3912842429,computer,Маргад арена,47.9153514,106.9359049
3912846642,car_repair,Вьетнам авто завсар,47.9120845,106.9331694
3912876989,car_repair,Авто засвар үйлчилгээ,47.907978,106.9313749
3913954257,computer,Orange Game Center,47.9032469,106.9097485
3913980767,car_repair,,47.9417832,106.9324315
3914025028,stationery,бичиг хэргийн дэлгүүр,47.9236182,106.9180281
3914030583,stationery,бичиг хэргийн дэлгүүр,47.9225829,106.9191036
3918581052,computer,PC Chin,47.9243868,106.9103055
3930769663,mobile_phone,Unitel-н салбар,47.9264233,106.9150669
4029417990,travel_agency,Aeroflot,47.9134082,106.9005038
4029426190,travel_agency,Бэлэг дурсгалын дэлгүүр,47.917133,106.9115505
4029439095,travel_agency,Аянчин,47.9133508,106.8976641
4029443426,mobile_phone,Montel,47.9180031,106.9140905
4029443428,mobile_phone,Mobi shop,47.9179554,106.9146658
4029443429,mobile_phone,Unitel,47.9179276,106.9151443
4029443430,mobile_phone,SLS гар утас бөөний худалдаа,47.9179501,106.9147686
4029445794,stationery,'Silver pen' bichig hereg,47.917959,106.9070785
4029456389,travel_agency,Airlink,47.916822,106.9095361
4029476087,stationery,Silver peb\n bichig hereg,47.919238,106.9068566
4220566389,travel_agency,ОЮУ SUH,47.8930314,106.8762156
4225601379,mobile_phone,дэлгүүр,47.9256028,106.9181013
4228231791,car,Hyundai Motors Mongolia,47.9049415,106.8721862
4262301391,car_repair,Мастер Түлхүүр,47.9289268,106.9122985
4293461897,travel_agency,Discover Mongolia ,47.9271488,106.9148224
4322802689,travel_agency,Cheke Tours,47.8450564,106.7279999
4359520792,travel_agency,,47.9158546,106.8575729
4367165589,travel_agency,,47.9147418,106.9109814
4415981691,computer,Nomin electronics,47.8963509,106.8893459
4417390306,computer,Номин Электроникс,47.9142186,106.9444911
4423430792,car_repair,Plus Mercedes Benz,47.9250355,106.9137701
4432738591,travel_agency,Талын Үнэг ХХК,47.9092828,107.0048025
4457631189,car_repair,Мандах,47.8911534,106.9017962
4472149792,car,Авто худалдааны цогцолбор,47.8839916,106.7040058
4502511701,mobile_phone,Юнител Яармаг салбар,47.8716973,106.8306736
4502515590,mobile_phone,Скайтел Яармаг салбар,47.8717075,106.8306299
4553579489,car_parts,Пүүеэгийн гараж,47.9283438,106.9289401
4607855089,car_repair,Цэнгүүн төв,47.9076826,106.9553087
4634744505,car,,47.9210423,106.8752149
4719779904,computer,Monholia,47.9194138,106.9487886
4793640521,computer,The LOF-4 pc game,47.9222036,106.9209808
4838380825,computer,Door,47.9142109,106.8861443
4838380826,computer,Lof4,47.922214,106.9208628
4848885221,travel_agency,Nomadic Journeys,47.9150667,106.9198521
4972954123,car_parts,Граш,47.9289891,106.9249019
4972954125,car,Баянзүрх Моторс,47.9260986,106.9444396
4995922721,car_repair,Автохим ХХК,47.9005344,106.7900026
5073433018,travel_agency,DMD Mongolia,47.9142311,106.8907021
5085068597,car_repair,Khuch Auto Service,47.9230872,106.9799554
5178136134,kiosk,,47.9191725,106.9415618
5178136135,kiosk,,47.9188208,106.9411044
5178137041,kiosk,,47.9190765,106.9417475
5178137771,kiosk,,47.9190738,106.9417234
5178137772,kiosk,,47.9188154,106.9410367
5212160925,car,,47.8795548,106.8485681
5269401322,car_repair,приус сэлбэг засвар,47.9126581,106.8592952
5343558125,car_repair,CQ авто сервис,47.9185405,106.864703
5348873922,travel_agency,Ciel Mongol,47.9180332,106.907167
5470084421,mobile_phone,UNITEL,47.9229186,106.9426915
5476966408,mobile_phone,UNITEL,47.9232003,106.9398709
5482391498,travel_agency,Mon Discovery Tours,47.9132719,106.8854307
5611452422,car,Мөнххада-Тоёотагийн албан ёсны дилер,47.8734824,106.8358552
5679487921,car,chimgeegiinh,47.9445415,106.9427995
5728706324,computer,1000zahia.com,47.9172374,106.9072637
5735282922,car_repair,Friends garage,47.8697336,106.820056
5761258137,car_parts,autoplaza 2,47.9216175,106.8748187
5775159954,car_repair,UB,47.9243591,106.9474786
5793020168,travel_agency,Drive Mongolia,47.9130837,106.89412
5810517060,travel_agency,,47.9192663,106.9080401
5865641786,car_parts,"Тээврийн хэрэгслийн бүртгэл, шилжилт хөдөлгөөн, татварын нэг цэгийн үйлчилгээ",47.8856951,106.702636
5896409485,mobile_phone,U'sMart - Гар утасны дэлгүүр,47.9140482,106.977746
5913184564,car_repair,MSM Automotive After Sales Service,47.8915973,106.8686615
5939943985,car_repair,khuleg subaru засвар,47.9289032,106.9880839
6236071390,car_repair,,47.9058644,106.9403619
1732871662,company,Air Trans Эйр Транс,47.9148458,106.9120881
2306284055,company,Atar Urgoo Company,47.8990495,106.891601
2321487757,educational_institution,Voice Of The World Educational center,47.920571,106.9273153
2490545334,government,Ашигт малтмал газрын тосны хэрэг эрхлэх газар,47.9209787,106.9084484
2505566068,notary,,47.9228685,106.9180689
2511182249,company,Хатан сүйх ХХК,47.9261039,106.9189493
2520659718,company,NETCAPITAL,47.9251876,106.9142284
2520683353,company,Сэлбэ Сервис ХХК,47.9253042,106.9098163
2611826377,company,Sapphire Serviced Offices,47.9174905,106.9149541
2624471066,company,Чингис Системс ХХК,47.9300383,106.9306544
2776542311,telecommunication,Юнител,47.9180741,106.919985
3076939782,United_Nations_Development_Programme(UNDP)_in_Mongolia,United Nations House,47.9247241,106.9160559
3095223310,company,The Asia Foundation,47.9157961,106.926046
3156065380,company,Эталон комфорт,47.8994663,106.8600323
3555329739,financial,Netcapital Financial corporation,47.9269013,106.9143263
3616891928,government,"Мэдээллийн технологи, Шуудан, Харилцаа Холбооны Газар, МТШХХГ",47.9173212,106.9160812
3617059620,telecommunication,MobiCom,47.9187202,106.9222115
3617059621,telecommunication,G-Mobile,47.9191242,106.9231913
3617059623,company,Ard holding,47.9204682,106.9204226
3617061726,company,BidSolution LLC,47.9255039,106.9195706
3617062886,telecommunication,G-Mobile,47.9245295,106.9195939
3762129057,government,3-р хороо,47.9115097,106.9019723
3846156792,company,"""Үнэн"" сонины байр",47.9203453,106.921425
3846179257,company,Admon Printing,47.9209133,106.9214197
3846200557,political_party,Ардчилсан намын байр,47.9162935,106.9157843
3846205057,company,Гранд оффис,47.91636,106.919746
3846205757,government,Эрүүл мэндийн яам,47.9159735,106.9208483
3886060489,it,Lenovo,47.9115361,106.913952
3886145489,insurance,Бодь даатгал,47.9238821,106.9171208
3886146014,insurance,Практикал даатгал,47.9242461,106.9170473
3886146491,insurance,Номин Даатгал,47.9242425,106.9170098
3892312157,telecommunication,Скайтелийн үйлчилгээний төв,47.9216761,106.905329
3893737216,educational_institution,"Боловсрол, шинжлэх ухааны яам",47.9195366,106.922191
3893740364,government,Бүгд Найрамдах Хятад Ард Улсын Элчин сайдын яам,47.9247066,106.9239936
3894643329,financial,Мандах даатгал,47.9140665,106.9101681
3894653834,financial,Jet Finance,47.9136975,106.9050546
3894725777,government,Төв аймгийн ЗДТГ,47.7083324,106.9499331
3894726882,government,Зуунмод сумын ЗДТГ,47.7082365,106.9491459
3894728708,government,МАН-ын байр,47.7083407,106.9486514
3895086777,insurance,Тэнгэр даатгал,47.9138464,106.9063047
3895145948,it,Интэрактив Би Ай,47.9105257,106.9124509
3896048003,it,Мэдээлэл технологийн төв,47.921776,106.9223904
3896158870,insurance,Мандал даатгал,47.9139528,106.9101173
3896682372,telecommunication,Жи мобайл,47.9212504,106.9431374
3899271597,educational_institution,Golden Bridge,47.9241067,106.9278583
3899426136,government,Юнитэл (Unitel),47.91627,106.9037937
3899537269,government,Мобиком (Mobicom),47.9123975,107.0007847
3899652464,government,Мобиком (Mobicom),47.9099374,106.9479873
3900940324,company,Монгол шаазан компани,47.9127273,106.9103846
3900940372,company,"""Дээжин корэй ххк""",47.9127242,106.9103402
3900952938,insurance,Ard insurance,47.9143875,106.9108851
3901174369,company,Шар доктор,47.7939731,106.6220837
3901265085,insurance,Монгол даатгал,47.9186628,106.8888698
3902459029,insurance,Бодь даатгал,47.9242541,106.9170868
3902459030,insurance,Соёомбо даатгал,47.9242891,106.9172182
3902473627,government,11 11 төв,47.9223935,106.9179138
3902484012,insurance,Миг даатгал,47.8953706,106.90815
3902495161,insurance,Монре даатгал,47.8953998,106.9080581
3902611309,educational_institution,Еховагийн гэрчүүдийн хаанчлалийн танхим,47.9158183,106.9335755
3904176656,company,Ориент инвэст банк бус санхүүгийн байгууллага,47.924163,106.9126971
3904448684,financial,пэлдэндабу,47.9231577,106.9104546
3904474506,financial,Алтан давалгаа хадгаламж зээлийн хоршоо,47.924211,106.9110188
3908035383,insurance,Үндэсний амьдралын даатгал,47.9167006,106.8915033
3909316243,company,AirMarket,47.9142226,106.9158386
3909318115,company,Eagle TV,47.9153603,106.9161892
3909321057,company,Наскон грүпп,47.9153321,106.9161706
3909324187,company,United Management Consulting LLC,47.9153555,106.9162627
3909326868,company,Гэр Даатгал,47.9153441,106.916295
3909326881,company,Баттрейд Си грүпп,47.9152832,106.9163612
3910035372,educational_institution,61-р сургууль,47.9356967,106.8996248
3910386972,company,Иргэний бүртгэл мэдээллийн төв,47.7721405,107.2563113
3910386976,company,Нэг цонхны үйлчилгээ,47.7721343,107.2564234
3910416482,company,Улаанбаатар нэгтгэл төв,47.9098299,106.8312722
3910419650,company,Эрчим хүч,47.9115569,106.8190539
3910445992,company,Янмал үйлдвэр,47.9528387,106.9066797
3910453410,company,Чиглэл ХК,47.9404785,106.9046831
3910700172,company,Үүрийн гэгээ сургалтын төв,47.9227624,106.8867217
3912507317,company,Нотариат,47.9230978,106.8734628
3912876506,company,MongolTown,47.9147375,106.9178461
3912941605,company,ZM Engineering,47.9120625,106.9396364
3913499887,company,Масс медиа грүпп,47.9152977,106.9162079
3913500760,company,Дэм ББСБ,47.9153255,106.9163397
3930775372,educational_institution,Робот зохион бүтээх сургалтын төв,47.9263315,106.9116854
3931522094,company,Power photograph studio,47.9238701,106.9163892
3931552661,company,Чандмань ХХК,47.9152576,106.9163584
3931555661,company,New centry plaza,47.9083814,106.9130391
3931560967,government,ХАХНХ яам,47.9245381,106.9152803
3931560968,government,аж үйлдвэрийн яйм,47.9239761,106.9136931
3931564473,company,Business plaza,47.9140949,106.9149676
3931564558,government,СБД-ийн татварын хэлтэё,47.9234435,106.9123466
3931571057,company,Моннис ХХК,47.9141321,106.9159975
3931571058,company,The Landmark office,47.9114414,106.9140744
3931579357,government,Уул уурхайн яам,47.9231188,106.9133876
3931583157,company,DB,47.9136832,106.9225623
3931583158,company,New Century Plaza,47.9108679,106.9139175
3931584257,company,Vista office,47.9105825,106.9126362
3931586258,government,Нийслэлийн татварын газар,47.9234039,106.9136742
3931596258,government,БОНХАЖЯ,47.923401,106.9140744
3931596657,government,татварын ерөнхий газар,47.923445,106.9124254
3931596658,government,Гадаад хэргийн яам,47.9171258,106.9209972
3931596957,company,Түмэн төв,47.9103281,106.9122095
3931602559,company,New Horizon,47.9152491,106.9214317
3931616757,government,хүн ам хөдөлмөр хамгааллын яам,47.9239377,106.9136098
3931629457,company,интерактив,47.9211973,106.9226173
3931639857,company,Admon printing,47.9208629,106.9215095
3931651960,company,UBH center,47.9173559,106.9239369
3931653462,company,Air Market,47.9201332,106.9228987
3931684657,company,Петровис ХХК,47.9204855,106.9229284
3931684658,company,City center,47.9192825,106.9206333
3931687357,company,Консулын газар,47.9163946,106.9211028
3931693557,company,Grande office center,47.9169514,106.9197232
3931729157,government,Нийслэлийн засаг даргын тамгын газар,47.9187377,106.9158745
3931734657,company,Гандирс,47.9175522,106.907282
3931814757,company,ШУА-Н хүрээлэнгүүдийн нэгдсэн 2р байр,47.921082,106.9066445
3931848763,government,Нийслэлийн иргэний бүртгэлийн назар,47.9327269,106.9281641
3931869857,government,Нийслэлийн засаг захиргааны 4-р байр,47.9217563,106.9116524
4029399789,lawyer,Хууль зүйн  туслалцааны төв,47.921377,106.9152707
4029399791,company,G mobile,47.9181217,106.9131437
4029414089,company,Ус цаг уурын орчны шинжилгээний хүрээлэн,47.9203003,106.9118133
4029414090,government,Нийслэлийн прокурорын газар,47.9134208,106.9006741
4029426993,lawyer,Цагдаагийн ерөнхий газар,47.9219145,106.9127199
4029426995,government,Авилгатай тэмцэх газар,47.9134064,106.8985739
4029428789,government,АИСТ МОНГОЛИА,47.9134046,106.9006687
4029438992,government,Онцгой байдлын ерөнхий газар,47.9136563,106.8990353
4029443424,telecommunication,G-mobile,47.9180508,106.9132423
4029443425,telecommunication,Mobicom,47.9177991,106.9133906
4029443431,educational_institution,Түгээмэл төв,47.9179647,106.9148892
4029457358,lawyer,Хууль зүйн яам,47.919503,106.9129549
4029457359,lawyer,Иргэдийн эрхзүйн танхим,47.9188379,106.9133197
4029457360,lawyer,Зөв зохицол хууль зүйн компани,47.9188656,106.9133831
4029457361,government,Засгийн газрын IV байр,47.9184892,106.9124721
4029457362,lawyer,Улсын бүртгэл статистикийн газар,47.9184472,106.9128011
4029459404,insurance,Монгол даатгал,47.9186466,106.8887786
4029461992,insurance,Mongol daatgal,47.9135592,106.8999767
4029474148,company,Таван богд,47.9183518,106.9150695
4029474149,company,Unitel салбар,47.9179599,106.9150695
4029475393,company,Unitel,47.9179329,106.9150695
4029476189,company,Моодун Цамхаг,47.9139637,106.9108558
4029477489,company,Mirotec,47.908592,106.909713
4029497089,company,Мобиком,47.9178556,106.9133127
4029501889,government,Чингэлтэй дүүрэг,47.9215658,106.9070283
4218371408,lawyer,Баянзүрх дүүргийн прокурорын газар,47.9182016,106.9150752
4218371409,lawyer,Чингэлтэй дүүргийн прокурорын газар ,47.9184606,106.9051731
4218373513,government,Нийслэлийн прокурорын газар,47.9134411,106.8994781
4218377999,lawyer,Сүхбаатар дүүргийн прокурорын газар ,47.9184069,106.9052094
4220535792,telecommunication,Unitel Data Center,47.8793609,106.8494546
4363783689,government,,47.7723024,107.2565851
4417390307,government,Хөдөлмөрийн бирж,47.8968503,106.8878897
4423089693,government,Хан-Уул 2-р хорооны байр,47.9010515,106.9032482
4464386109,company,Mypos LLC,47.9236398,106.914908
4472294728,it,Ticket.mn,47.9208663,106.9214127
4502511696,government,Архивын ерөнхий газар,47.8412587,106.789677
4502514090,government,Архивын ерөнхий газар,47.8412595,106.7896938
4510315393,government,,47.9241794,106.8353801
4601113493,government,Эрчим Инженеринг ХХК,47.8934727,106.874745
4748302323,government,,47.9054757,106.9342359
4748306621,government,,47.9037412,106.9415041
4787305223,government,Тариалан эрхлэлтийг дэмжих сан,47.8919688,106.8630912
4805284821,government,,47.9131216,106.9464546
4832213721,government,,47.9353327,106.9271987
4841122621,company,Universal Progress Independent Living Center Түгээмэл Хөгжил Бие даан амьдрах төв,47.9165461,106.8816152
4852972722,government,,47.9209825,106.9045668
4873126621,government,"ХАА-н ""Халх гол"" үндэсний бүтээн байгуулалтын бүсийн захиргаа",47.8915698,106.8630711
4974703023,lawyer,BB SUNSHINE VILLAGE,47.9021389,106.9358854
4991490825,company,Хязгааргүй Шийдэл,47.914487,106.9104514
5006215121,company,Шүрэн оффис,47.9149862,106.9262538
5014768611,lawyer,,47.9143384,106.880981
5039650321,company,,47.9052276,106.8625146
5047048623,company,ИНЖЕНЕР ГЕОДЕЗИ ХХК/Херс судлалын лаборатори,47.9805759,106.9382405
5082926244,company,,47.9011961,106.8928751
5100071122,company,АНЭГ,47.8909078,106.8880846
5102324121,company,Колизей ХХК,47.8959316,106.8965201
5136731523,company,ЭЖИС ТИЙН МОНГОЛИА ХХК,47.9209675,106.9261213
5137715322,company,RED Entertainment LLC,47.9260748,106.9207476
5141078414,company,Улаанбаатар БҮК ХК,47.8986611,106.8355649
5172135021,government,Төрийн тусгай хамгаалалтын газар,47.9203141,106.921197
5176388923,company,Номин Тав Трейд ХХК,47.8962243,106.8893652
5178137751,notary,,47.9192295,106.9418497
5196413025,company,Тэнгэр-Ээл ХХК,47.9242318,106.8796979
5205642223,company,АпексСофт ХХК,47.9129799,106.8717356
5280987221,company,Боловсрол суваг,47.9184224,106.9583655
5283619122,company,Бату дижитал,47.9056127,106.9067369
5344276621,company,МонголТаун,47.908932,106.9091414
5344281621,company,Коко Карго,47.9092315,106.8959005
5366043424,government,Улсын Ерөнхий Прокурорын газар,47.9214999,106.9123614
5397533122,company,Улаанбаатар барилга,47.8951693,106.874469
5431607521,company,Нэмэх Трейд ХХК,47.9287384,106.920567
5491345521,company,Од Плаза,47.9149339,106.9123252
5578297823,company,,47.9303613,106.9261725
5639132521,government,Нийслэлийн нийтийн тээврийг хөгжүүлэх хөрөнгө оруулалтын хөтөлбөр Төслийн нэгж,47.898926,106.909586
5712931524,insurance,Монре Даатгал,47.9258537,106.9194852
5714341121,company,Mongolian express,47.9104997,106.9125469
5775132257,government,Сүхбаатар дүүрэг 8р хороо,47.9288854,106.9238899
5792146362,lawyer,Lake uulzvar,47.8005083,106.6329997
5795011353,company,Matrix office center,47.9196398,106.9097836
5852984085,company,Монбармат ХХК,47.9266737,106.9133261
5883969185,company,,47.9095111,107.0107547
5905679785,company,Далай товер,47.9124991,106.9284153
5910141990,company,"""Их хар сүлд"" ХХК",47.9231241,106.9098973
5977387485,company,TST Building,47.9056493,106.9067125
5994661785,company,,47.9156822,106.9187836
6019698586,company,,47.8974869,106.8872245
6042298925,government,Монгол улсын засгийн газар - 1111 төв,47.9223811,106.9179295
6054085699,government,Геологийн төв лаборатори,47.9099089,106.8107456
6082074786,government,,47.9596166,106.8424648
6095281291,government,Сүхбаатар дүүргийн нийгмийн даатгалын хэлтэс,47.9386649,106.9254959
6125974789,government,ШШГЕГ-ын харьяа баривчлах төв,47.8832704,107.1056262
6271719739,company,Сод-Электроникс ХХК,47.9177272,106.9467345
6272167585,company,office,47.9347619,106.9283176
